pool	rolls	numItems	totalWeight
AmbulanceDriverOutfit	3	18	82.500
AmbulanceDriverTools	3	19	257.500
AnthropologyBooks	4	16	120.000
AnthropologyCounter	4	20	220.000
AnthropologyDesk	4	27	224.600
AnthropologyDisplayClothing	4	27	195.610
AnthropologyDisplayTools	4	19	116.610
AnthropologyDisplayWeapons	4	20	92.610
Antiques	4	158	442.401
ArenaKitchenCutlery	4	11	132.000
ArenaKitchenFreezer	4	6	90.000
ArenaKitchenSauce	4	7	58.500
ArmyBunkerKitchen	4	31	36.510
ArmyBunkerLockers	4	33	28.081
ArmyBunkerMedical	4	33	31.510
ArmyBunkerStorage	4	45	52.521
ArmyHangarMechanics	4	38	324.200
ArmyHangarOutfit	4	21	131.000
ArmyHangarTools	4	50	238.400
ArmyStorageAmmunition	4	24	211.000
ArmyStorageElectronics	4	46	325.600
ArmyStorageGuns	4	24	104.500
ArmyStorageMedical	4	32	179.810
ArmyStorageOutfit	4	28	107.670
ArmySurplusAmmoBoxes	4	5	70.000
ArmySurplusBackpacks	4	13	144.000
ArmySurplusCases	4	5	110.000
ArmySurplusCots	4	4	100.000
ArmySurplusFootwear	4	6	130.000
ArmySurplusHeadwear	4	17	64.600
ArmySurplusLiterature	4	27	228.000
ArmySurplusMisc	4	23	153.101
ArmySurplusOutfit	4	41	132.700
ArmySurplusSnacks	4	8	120.000
ArmySurplusTools	4	17	145.000
ArmySurplusWater	4	4	60.000
ArtStoreLiterature	4	8	120.000
ArtStoreOther	4	16	148.100
ArtStorePaper	4	9	170.000
ArtStorePen	4	12	180.000
ArtStorePottery	4	13	163.650
ArtSupplies	4	46	169.700
BBQCharcoal	2	9	21.000
BBQCharcoalRich	4	14	57.000
BBQPropane	2	9	21.000
BBQPropaneRich	2	14	57.000
BackstageClothingRack	4	124	38.330
BackstageCounter	4	91	49.241
BackstageDresser	4	151	78.870
BackstageFridge	4	16	89.000
BackstageLockers	2	218	90.011
BackstageRigging	4	5	101.000
BagStoreLeather	4	10	140.000
Bakery	1	0	0.000
BakeryBread	4	9	92.000
BakeryCake	4	8	78.000
BakeryDoughnuts	4	8	120.000
BakeryKitchenBaking	4	23	121.001
BakeryKitchenCutlery	4	19	109.001
BakeryKitchenFreezer	4	6	90.000
BakeryKitchenFridge	4	18	184.000
BakeryKitchenStorage	4	14	108.001
BakeryKitchenStove	4	4	16.000
BakeryKitchenTrays	4	19	132.001
BakeryMisc	4	16	88.000
BakeryPie	4	7	70.000
BandMerchClothes	4	9	90.000
BandMerchShelves	4	27	172.000
BandPracticeClothing	4	37	208.500
BandPracticeFridge	4	35	128.100
BandPracticeInstruments	4	18	160.000
BankDeposit	4	46	595.700
BarCounterGlasses	4	8	150.000
BarCounterLiquor	4	36	103.100
BarCounterMisc	4	29	159.110
BarCounterWeapon	4	41	213.100
BarCrateDarts	10	5	110.000
BarCratePool	4	4	60.000
BarLaundry	4	4	100.000
BarShelfLiquor	4	27	161.100
BarnTools	4	44	314.490
BaseballLockers	4	33	144.700
BaseballStoreShelves	4	27	173.000
BatFactoryBats	4	5	110.000
BathroomCabinet	4	26	116.600
BathroomCounter	4	47	243.700
BathroomCounterEmpty	1	0	0.000
BathroomCounterMotel	1	7	120.000
BathroomCounterNoMeds	1	0	0.000
BathroomShelf	4	44	215.900
BedroomDresser	4	201	184.604
BedroomDresserChild	4	174	280.871
BedroomDresserClassy	4	175	277.534
BedroomDresserRedneck	4	175	188.123
BedroomSidetable	4	109	190.774
BedroomSidetableChild	4	128	258.263
BedroomSidetableClassy	4	112	252.121
BedroomSidetableRedneck	4	103	177.688
BeerGardenCounter	4	12	208.200
BinBar	4	47	361.100
BinBathroom	4	24	43.710
BinCrepe	4	23	401.400
BinDumpster	4	60	221.000
BinFireStation	4	31	139.900
BinGeneric	4	53	171.000
BinHospital	4	21	220.400
BinJays	4	21	487.400
BinSpiffos	4	19	457.400
BlacksmithLiterature	4	18	67.650
BlacksmithMolds	4	6	120.000
BlacksmithTools	4	19	101.000
BookStoreCounter	4	20	99.500
BookstoreArt	4	8	120.000
BookstoreAutomotive	4	10	66.000
BookstoreBags	4	12	144.000
BookstoreBiography	4	6	90.000
BookstoreBlueCollar	4	51	221.100
BookstoreBooks	4	100	492.000
BookstoreBusiness	4	8	120.000
BookstoreChilds	4	20	274.000
BookstoreCinema	4	9	120.500
BookstoreComputer	4	8	120.000
BookstoreCooking	4	21	102.000
BookstoreCrafts	4	22	98.000
BookstoreCrimeFiction	4	8	120.000
BookstoreFantasySciFi	4	9	130.000
BookstoreFarming	4	29	196.000
BookstoreFashion	4	25	162.000
BookstoreGeneralReference	4	5	120.000
BookstoreHistory	4	11	92.500
BookstoreHobbies	4	18	250.000
BookstoreHorror	4	8	120.000
BookstoreLegal	4	8	120.000
BookstoreLiteraryFiction	4	6	90.000
BookstoreMedical	4	13	150.000
BookstoreMilitaryHistory	4	9	120.500
BookstoreMisc	4	69	306.600
BookstoreMusic	4	8	120.000
BookstoreNewAge	4	7	114.000
BookstoreNonFiction	4	8	120.000
BookstoreOccult	4	8	94.000
BookstoreOutdoors	4	25	186.500
BookstorePersonal	4	6	90.000
BookstorePhilosophy	4	5	110.000
BookstorePolitics	4	6	90.000
BookstoreReligion	4	6	90.000
BookstoreRomance	4	6	90.000
BookstoreSchoolTextbook	4	5	110.000
BookstoreScience	4	11	126.000
BookstoreSports	4	14	171.500
BookstoreStationery	4	32	311.120
BookstoreThriller	4	6	90.000
BookstoreTravel	4	6	90.000
BookstoreWestern	4	6	90.000
BowlingAlleyCounters	4	10	112.000
BowlingAlleyLockers	4	18	132.000
BowlingAlleyPins	4	5	110.000
BowlingAlleyShoes	4	5	110.000
BoxingLockers	4	30	123.700
BoxingMemorabilia	4	10	86.000
BoxingStorageGloves	4	8	120.000
BoxingStorageHelmets	4	8	120.000
BreakRoomCounter	4	35	198.100
BreakRoomShelves	4	31	154.000
BreweryBottles	4	5	64.000
BreweryCans	4	5	64.000
BreweryEmptyBottles	4	5	110.000
BreweryEmptyCans	4	5	110.000
BreweryHops	4	5	110.000
BurgerKitchenButcher	4	17	93.200
BurgerKitchenCutlery	4	9	79.000
BurgerKitchenFreezer	4	6	76.000
BurgerKitchenFridge	4	13	78.000
BurgerKitchenSauce	4	8	60.500
BurglarTools	4	36	224.600
ButcherChicken	4	5	64.000
ButcherChops	4	7	98.000
ButcherFish	4	25	77.600
ButcherFreezer	4	10	102.000
ButcherGround	4	8	120.000
ButcherLiterature	4	9	53.500
ButcherSmoked	4	10	150.000
ButcherSnacks	4	8	120.000
ButcherSpices	4	12	113.000
ButcherTools	4	17	186.000
CabinetFactoryTools	4	36	218.000
CafeCounterMix	4	7	112.000
CafeDiningFridge	4	15	155.000
CafeKitchenCoffee	4	10	208.000
CafeKitchenFridge	4	6	90.000
CafeKitchenMugs	4	5	110.000
CafeKitchenSupplies	4	8	146.000
CafeKitchenTea	4	11	234.000
CafeShelfBooks	4	11	70.000
CafeteriaDrinks	4	13	46.500
CafeteriaFruit	4	14	82.000
CafeteriaKitchenFreezer	4	11	72.000
CafeteriaKitchenFridge	4	16	96.000
CafeteriaKitchenLaundry	4	4	100.000
CafeteriaSandwiches	4	7	74.000
CafeteriaSnacks	4	28	48.000
CafeteriaTrays	4	7	140.000
CameraStoreDisplayCase	4	8	120.000
CameraStoreShelves	4	8	120.000
CampingLockers	4	96	202.820
CampingStoreBackpacks	4	12	47.000
CampingStoreBooks	4	20	128.000
CampingStoreCases	4	9	130.000
CampingStoreClothes	4	35	190.000
CampingStoreGear	4	24	254.000
CampingStoreLegwear	4	11	142.000
CampingStoreLighting	4	15	161.000
CampingStoreSleepingBags	4	9	104.050
CampingStoreTents	4	14	250.000
CampingStoreTools	4	12	133.000
CandyStoreSnacks	4	28	184.000
CarBrakesModern1	4	4	60.000
CarBrakesModern2	4	4	60.000
CarBrakesModern3	4	4	60.000
CarBrakesNormal1	4	4	60.000
CarBrakesNormal2	4	4	60.000
CarBrakesNormal3	4	4	60.000
CarDealerDesk	4	38	535.650
CarDealerFilingCabinet	4	24	413.010
CarLightbars	4	5	70.000
CarMufflerModern1	4	4	60.000
CarMufflerModern2	4	4	60.000
CarMufflerModern3	4	4	60.000
CarMufflerNormal1	4	4	60.000
CarMufflerNormal2	4	4	60.000
CarMufflerNormal3	4	4	60.000
CarSupplyBatteries	4	7	58.000
CarSupplyGasCans	4	5	68.000
CarSupplyGloves	4	3	38.000
CarSupplyLiterature	4	10	72.000
CarSupplyMagazines	4	7	84.000
CarSupplyTools	4	24	273.000
CarSuspensionModern1	4	4	60.000
CarSuspensionModern2	4	4	60.000
CarSuspensionModern3	4	4	60.000
CarSuspensionNormal1	4	4	60.000
CarSuspensionNormal2	4	4	60.000
CarSuspensionNormal3	4	4	60.000
CarTiresModern1	4	4	60.000
CarTiresModern2	4	4	60.000
CarTiresModern3	4	4	60.000
CarTiresNormal1	4	4	60.000
CarTiresNormal2	4	4	60.000
CarTiresNormal3	4	4	60.000
CarWindows1	4	6	80.000
CarWindows2	4	6	80.000
CarWindows3	4	6	80.000
CarnivalPrizes	4	21	85.100
CarpenterOutfit	3	33	158.100
CarpenterTools	3	37	185.175
CarpentryBooks	8	5	30.000
CarvingWorkshopMaterials	4	8	190.000
CarvingWorkshopTools	4	12	260.000
CatfishKitchenButcher	4	17	101.200
CatfishKitchenFreezer	4	7	90.000
CatfishKitchenFridge	4	9	110.000
ChangeroomCounters	4	13	78.000
ChefOutfit	3	19	65.600
ChefTools	3	17	67.500
Chemistry	4	18	116.500
ChineseKitchenBaking	4	17	206.000
ChineseKitchenButcher	4	26	141.200
ChineseKitchenCutlery	4	18	179.000
ChineseKitchenFreezer	4	7	66.000
ChineseKitchenFridge	4	14	108.000
ChineseKitchenSauce	4	10	108.000
ChurchStorageMisc	4	6	170.000
ClassroomDesk	2	52	177.420
ClassroomMisc	4	89	225.361
ClassroomSecondaryDesk	2	47	178.260
ClassroomSecondaryMisc	4	91	253.161
ClassroomSecondaryShelves	4	88	242.161
ClassroomShelves	4	89	246.161
ClockRepairLiterature	4	4	100.000
ClockRepairTools	4	9	120.000
ClockRepairWatches	4	6	65.000
ClosetInstruments	2	134	289.263
ClosetShelfGeneric	2	119	173.273
ClosetSportsEquipment	2	155	407.573
ClothingPoor	4	0	0.000
ClothingRack	4	62	34.610
ClothingStorageAllJackets	4	14	58.100
ClothingStorageAllShirts	4	30	228.000
ClothingStorageFootwear	4	15	122.000
ClothingStorageHeadwear	4	22	144.000
ClothingStorageLegwear	4	19	110.000
ClothingStorageWinter	4	16	136.000
ClothingStoresBoots	4	7	100.000
ClothingStoresDress	4	14	128.000
ClothingStoresEyewear	4	10	64.000
ClothingStoresGloves	4	10	80.000
ClothingStoresGlovesLeather	4	8	72.000
ClothingStoresHeadwear	4	26	156.000
ClothingStoresHolsters	4	8	100.000
ClothingStoresJackets	4	12	56.000
ClothingStoresJacketsFormal	4	10	92.000
ClothingStoresJacketsLeather	4	8	120.000
ClothingStoresJeans	4	12	120.000
ClothingStoresJumpers	4	12	100.000
ClothingStoresOvershirts	4	5	70.000
ClothingStoresPants	4	17	140.000
ClothingStoresPantsFormal	4	14	116.000
ClothingStoresPantsLeather	4	8	80.000
ClothingStoresShirts	4	13	102.000
ClothingStoresShirtsFormal	4	12	96.000
ClothingStoresShoes	4	19	146.000
ClothingStoresShoesLeather	4	8	80.000
ClothingStoresSocks	4	13	190.000
ClothingStoresSport	4	17	142.000
ClothingStoresSummer	4	11	94.000
ClothingStoresUnderwearMan	4	13	100.000
ClothingStoresUnderwearWoman	4	31	228.000
ClothingStoresWoman	4	0	0.000
CobblerTools	4	10	250.000
ComicStoreCounter	4	39	137.900
ComicStoreDisplayBooks	4	6	90.000
ComicStoreDisplayComics	4	5	110.000
ComicStoreDisplayDice	4	11	224.000
ComicStoreMagazines	4	8	100.150
ComicStoreShelfComics	4	5	110.000
ComicStoreShelfFantasy	4	5	68.000
ComicStoreShelfGames	4	5	150.000
ComicStoreShelfSciFi	4	5	68.000
ConstructionWorkerOutfit	3	36	147.600
ConstructionWorkerTools	3	43	201.600
ControlRoomCounter	4	44	239.100
CortmanOfficeBooks	4	12	108.000
CortmanOfficeDesk	4	33	119.701
CortmanOfficeSidetable	4	3	80.000
CrateAnimalFeed	4	9	170.000
CrateAntiqueStove	1	1	200.000
CrateBakingSoda	4	5	110.000
CrateBaseballs	4	5	110.000
CrateBasketballs	4	5	110.000
CrateBatteries	4	5	110.000
CrateBeer	4	8	77.000
CrateBibles	4	9	113.000
CrateBlackBBQ	4	9	73.000
CrateBlacksmithing	4	53	246.650
CrateBlueComfyChair	1	1	200.000
CrateBluePlasticChairs	4	1	50.000
CrateBlueRattanChair	1	1	200.000
CrateBooks	4	190	387.400
CrateBooksSchool	4	64	172.000
CrateBootsArmy	4	4	100.000
CrateBootsArmyDesert	4	4	100.000
CrateBootsOld	4	4	100.000
CrateBrownComfyChair	1	1	200.000
CrateBrownLowTables	4	1	50.000
CrateBunsBurger	4	5	110.000
CrateBunsHotdog	4	5	110.000
CrateButter	4	5	110.000
CrateCameraFilm	4	5	110.000
CrateCamping	4	104	362.640
CrateCandyPackage	4	5	110.000
CrateCannedFood	4	40	100.100
CrateCannedFoodSpoiled	4	12	76.000
CrateCannedTomato	4	5	110.000
CrateCanning	4	9	124.000
CrateCarpentry	4	52	282.875
CrateCereal	4	5	110.000
CrateCharcoal	4	5	110.000
CrateChestFreezer	1	1	200.000
CrateChips	4	8	120.000
CrateChocolate	4	5	110.000
CrateChocolateChips	4	5	110.000
CrateChromeSinks	4	1	50.000
CrateCigarettes	4	4	60.000
CrateClayBags	4	5	110.000
CrateClayBricks	8	5	110.000
CrateClothesRandom	4	206	167.532
CrateCocoaPowder	4	5	110.000
CrateCoffee	4	5	110.000
CrateCoke	8	4	100.000
CrateComics	4	6	120.000
CrateCompactDiscs	4	5	110.000
CrateComputer	4	1	10.000
CrateConcrete	4	5	110.000
CrateCondiments	4	8	80.500
CrateConesIceCream	4	5	110.000
CrateCornflour	4	5	110.000
CrateCostume	4	63	147.522
CrateCrackers	4	5	110.000
CrateDarkBlueChairs	4	1	50.000
CrateDarkWoodenChairs	4	1	50.000
CrateDishes	4	10	118.000
CrateEggs	4	4	100.000
CrateElectronics	4	37	143.161
CrateEmptyBottles1	4	6	114.000
CrateEmptyBottles2	4	18	148.100
CrateEmptyMixed	4	15	131.000
CrateEmptyTinCans	4	5	110.000
CrateEspressoMachine	4	4	60.000
CrateFabric_Cotton	4	5	110.000
CrateFabric_DenimBlack	4	5	110.000
CrateFabric_DenimBlue	4	5	110.000
CrateFabric_DenimDarkBlue	4	5	110.000
CrateFancyBlackChairs	4	1	50.000
CrateFancyDarkTables	4	1	50.000
CrateFancyLowTables	4	1	50.000
CrateFancyToilets	4	1	50.000
CrateFancyWhiteChairs	4	1	50.000
CrateFarming	4	120	365.010
CrateFertilizer	4	5	110.000
CrateFishing	4	33	179.762
CrateFitnessWeights	4	3	80.000
CrateFlintNodules	8	5	110.000
CrateFlour	4	5	110.000
CrateFoldingChairs	4	1	40.000
CrateFootballs	4	5	110.000
CrateFootwearRandom	4	13	50.500
CrateFountainCups	4	10	220.000
CrateGardening	4	94	312.160
CrateGenerator	4	7	19.650
CrateGolfBalls	4	10	220.000
CrateGolfClubs	4	5	110.000
CrateGrahamCrackers	4	6	80.000
CrateGravelBags	4	5	110.000
CrateGravyMix	4	5	110.000
CrateGreenChairs	4	1	50.000
CrateGreenComfyChair	1	1	200.000
CrateGreenOven	1	1	200.000
CrateGreyChairs	4	1	50.000
CrateGreyComfyChair	1	1	200.000
CrateGreyOven	1	1	200.000
CrateGum	4	5	240.000
CrateHeavyChains	4	7	166.000
CrateHotsauce	4	5	110.000
CrateHumanitarian	4	42	35.824
CrateIndustrialDye	8	4	100.000
CrateIndustrialSinks	4	1	50.000
CrateInstruments	4	12	78.000
CrateLargeStone	4	5	110.000
CrateLeather	4	5	110.000
CrateLeatherLarge	4	5	110.000
CrateLightRoundTable	1	1	200.000
CrateLimestoneCrushed	4	5	110.000
CrateLinens	4	9	170.000
CrateLiquor	4	11	110.000
CrateLongStick	4	5	110.000
CrateLongTables	4	1	50.000
CrateLumber	6	5	110.000
CrateMacaroni	4	5	110.000
CrateMagazines	4	89	124.623
CrateMannequins	4	2	100.000
CrateMapleSyrup	4	5	110.000
CrateMaps	4	14	68.000
CrateMapsLarge	4	1	50.000
CrateMarinara	4	5	110.000
CrateMarshmallows	4	5	110.000
CrateMasonry	4	18	233.650
CrateMechanics	4	75	308.600
CrateMetalBars	6	5	110.000
CrateMetalLockers	4	1	50.000
CrateMetalPipes	6	5	110.000
CrateMetalwork	4	56	306.300
CrateModernOven	1	1	200.000
CrateNapkins	4	0	0.000
CrateNewspapers	4	5	110.000
CrateNewspapersNew	4	5	110.000
CrateOakRoundTable	1	1	200.000
CrateOfficeChairs	4	1	50.000
CrateOfficeSupplies	4	35	261.512
CrateOilOlive	4	5	110.000
CrateOilVegetable	4	5	110.000
CrateOrangeModernChair	1	2	400.000
CratePaint	8	15	200.000
CratePancakeMix	4	5	110.000
CratePaperBagJays	4	5	110.000
CratePaperBagSpiffos	4	5	110.000
CratePaperNapkins	4	5	110.000
CratePasta	4	5	110.000
CratePeanuts	4	5	110.000
CratePetSupplies	4	12	93.000
CratePhotos	4	5	110.000
CratePlaster	4	5	110.000
CratePlasticChairs	4	1	50.000
CratePlasticLowTables	4	1	50.000
CratePlasticTrays	4	5	110.000
CratePopcorn	4	5	110.000
CratePottery	4	11	133.650
CratePropane	4	5	110.000
CratePurpleRattanChair	1	1	200.000
CratePurpleWoodenChairs	4	1	50.000
CrateRandomJunk	1	353	272.798
CrateRedBBQ	4	12	76.000
CrateRedChairs	4	1	50.000
CrateRedOven	1	1	200.000
CrateRedWoodenChairs	4	1	50.000
CrateRice	4	5	110.000
CrateRiceVinegar	4	5	110.000
CrateRoundTable	1	1	200.000
CrateSalonSupplies	4	12	180.000
CrateSandBags	4	5	110.000
CrateSeaweed	4	5	110.000
CrateSheetMetal	6	5	110.000
CrateSkeletonDisplay	1	1	200.000
CrateSmallTables	4	1	50.000
CrateSoccerBalls	4	5	110.000
CrateSodaBottles	4	6	120.000
CrateSodaCans	4	6	90.000
CrateSoysauce	4	5	110.000
CrateSpiffoMerch	1	16	130.002
CrateSports	4	56	420.650
CrateStoneBlocks	8	5	110.000
CrateStones	8	5	110.000
CrateSugar	4	5	110.000
CrateSugarBrown	4	5	110.000
CrateSunflowerSeeds	4	5	110.000
CrateTV	1	1	200.000
CrateTVWide	1	1	200.000
CrateTacoShells	4	5	110.000
CrateTailoring	4	40	283.050
CrateTea	4	5	110.000
CrateToiletPaper	4	5	110.000
CrateTomatoPaste	4	5	110.000
CrateTools	4	71	194.805
CrateToolsOld	4	60	260.105
CrateTortillaChips	4	5	110.000
CrateToys	4	33	160.200
CrateVHSTapes	4	6	120.000
CrateWallFinish	4	29	70.000
CrateWallets	4	8	120.000
CrateWallpaper	4	12	210.000
CrateWaterBottle	8	4	100.000
CrateWaterDispenserBottle	4	1	4.000
CrateWhiteComfyChair	1	1	200.000
CrateWhiteSimpleChairs	4	1	50.000
CrateWhiteSinks	4	1	50.000
CrateWhiteWoodenChairs	4	1	50.000
CrateWine	4	9	122.000
CrateWoodenChairs	4	1	50.000
CrateWoodenStools	4	1	50.000
CrateYeast	4	5	110.000
CrateYellowModernChair	1	1	200.000
CrepeKitchenBaking	4	20	158.001
CrepeKitchenFridge	4	24	130.000
CrepeKitchenSauce	4	11	80.001
CultistClothing	4	32	137.000
CyberCafeDesk	4	63	288.360
CyberCafeFilingCabinet	4	21	307.600
DaycareCounter	4	52	198.031
DaycareDesk	4	54	190.522
DaycareShelves	4	53	201.012
DeepFryKitchenFreezer	4	8	78.000
DeepFryKitchenFridge	4	7	46.000
DepartmentStoreJewelry	4	19	122.000
DepartmentStoreWatches	4	12	87.000
DerelictHouseCrime	1	55	108.741
DerelictHouseDrugs	1	30	193.100
DerelictHouseJunk	1	38	128.900
DerelictHouseParty	1	22	108.910
DerelictHouseSquatter	1	55	79.398
DerelictHouseStove	1	5	13.000
DeskGeneric	4	9	31.100
DinerBackRoomCounter	4	35	303.010
DinerKitchenFreezer	4	12	74.000
DinerKitchenFridge	4	17	98.000
DishCabinetGeneric	4	12	390.000
DishCabinetLiquor	4	15	51.000
DishCabinetVIPLounge	4	7	74.000
DishwasherGeneric	4	20	530.000
DoctorOutfit	4	19	89.500
DoctorTools	4	29	311.500
DogFoodFactoryBags	4	5	110.000
DogFoodFactoryBones	8	5	150.000
DogFoodFactoryCans	4	5	110.000
DogFoodFactoryEquipment	4	5	48.000
DresserGeneric	4	103	91.882
DrugLabGuns	2	50	282.801
DrugLabMoney	4	47	408.300
DrugLabOutfit	4	40	216.611
DrugLabSupplies	4	54	368.501
DrugShackDrugs	4	59	396.020
DrugShackMisc	4	48	177.721
DrugShackTools	4	53	240.120
DrugShackWeapons	4	47	204.161
DryerEmpty	1	7	25.000
ElectricianOutfit	3	40	167.600
ElectricianTools	3	46	236.600
ElectronicStoreAppliances	1	10	230.000
ElectronicStoreCases	4	5	110.000
ElectronicStoreComputers	1	1	20.000
ElectronicStoreHAMRadio	1	1	20.000
ElectronicStoreLights	4	17	126.000
ElectronicStoreMagazines	4	17	140.000
ElectronicStoreMisc	4	15	157.000
ElectronicStoreMusic	4	9	148.000
ElectronicStorePhones	4	8	240.000
Empty	1	0	0.000
EngineerTools	4	51	331.000
FactoryLockers	4	55	214.800
FarmerOutfit	3	41	157.500
FarmerTools	3	55	256.000
FilingCabinetGeneric	4	22	340.510
FireDeptLockers	4	55	167.801
FireStorageMechanics	4	42	228.600
FireStorageOutfit	4	12	119.000
FireStorageTools	4	27	168.645
FirearmWeapons	2	34	114.000
FirearmWeapons_Late	4	61	166.000
FirearmWeapons_Mid	3	50	146.000
FiremanOutfit	3	13	87.000
FiremanTools	3	30	175.145
FishChipsKitchenButcher	4	20	137.200
FishChipsKitchenFreezer	4	6	90.000
FishChipsKitchenFridge	4	7	78.000
FishChipsKitchenSauce	4	10	101.000
FishermanOutfit	3	27	71.202
FishermanTools	3	30	148.100
FishingLockers	4	77	513.870
FishingStoreBait	4	5	110.000
FishingStoreGear	4	32	130.710
FitnessTrainer	4	40	84.100
FoodGourmet	4	54	412.600
ForestFireTools	4	11	94.000
FossoilCounterCleaning	4	15	76.600
FreezerDrugLab	4	4	60.000
FreezerFarmStorage	2	14	188.000
FreezerFrozenFood	2	10	70.000
FreezerGarage	2	26	142.000
FreezerGeneric	2	35	171.100
FreezerHoarder	2	35	395.000
FreezerHunter	2	12	260.000
FreezerIceCream	2	8	92.000
FreezerRich	3	35	235.100
FreezerTrailerPark	1	29	141.100
FridgeBeer	2	10	120.200
FridgeBottles	2	9	128.000
FridgeBreakRoom	2	36	157.101
FridgeDrugLab	2	14	82.001
FridgeFarmStorage	2	16	303.000
FridgeGarage	2	13	96.000
FridgeGeneric	2	92	213.250
FridgeHoarder	4	86	647.000
FridgeHunter	2	11	278.000
FridgeMedical	2	8	120.000
FridgeOffice	2	28	138.101
FridgeOther	2	16	200.000
FridgeRich	3	103	354.460
FridgeSnacks	4	19	110.000
FridgeSoda	4	10	66.000
FridgeTrailerPark	1	64	99.710
FridgeVIPLounge	4	10	166.000
FridgeWater	2	5	110.000
FryFactoryPotatoes	4	4	60.000
FurnitureFactoryTools	4	19	132.100
GarageCarpentry	4	49	232.820
GarageFirearms	4	104	238.190
GarageMechanics	4	61	243.600
GarageMetalwork	4	51	220.270
GarageTools	4	70	292.205
GardenStoreMisc	4	73	289.000
GardenStoreTools	4	20	125.010
GardenerOutfit	3	24	95.000
GardenerTools	3	45	205.500
Gas2GoCounterCleaning	4	14	62.600
GasStorageCombo	4	49	186.100
GasStorageMechanics	4	31	129.550
GasStoreCounterCleaning	4	12	54.600
GasStoreEmergency	4	25	214.000
GasStoreSpecial	4	41	209.210
GasStoreToiletries	4	12	170.000
GeneratorRoom	4	48	299.100
GiftStoreCards	4	9	100.000
GiftStoreFancy	4	52	216.400
GiftStoreToys	4	46	270.012
Gifts	4	58	255.310
GigamartBBQ	4	25	217.000
GigamartBakingMisc	4	17	173.020
GigamartBathing	4	15	190.000
GigamartBedding	4	17	274.000
GigamartBottles	4	11	152.000
GigamartBreakfast	4	17	246.000
GigamartCandy	4	31	214.000
GigamartCannedFood	4	36	90.900
GigamartCleaning	4	16	230.000
GigamartCosmetics	4	12	140.000
GigamartCrisps	4	13	170.000
GigamartDryGoods	4	17	144.060
GigamartFarming	4	92	391.510
GigamartHouseElectronics	4	28	266.500
GigamartHousewares	4	20	236.000
GigamartLightbulb	4	17	126.000
GigamartLiterature	4	19	166.000
GigamartPaper	4	8	120.000
GigamartPots	4	25	210.000
GigamartSauce	4	18	165.000
GigamartSchool	4	32	292.100
GigamartSpices	4	22	274.000
GigamartToiletries	4	14	190.000
GigamartTools	4	72	357.470
GigamartToys	4	38	247.612
GlassWorkshopTools	4	16	269.600
GolfFactoryTools	4	33	224.100
GolfLockers	4	52	274.900
GolfStorage	4	25	397.000
GolfStoreAccessories	4	14	332.000
GolfStoreBags	4	5	110.000
GolfStoreClothingRack	4	6	110.000
GolfStoreLiterature	4	5	110.000
GrillAcessories	4	16	177.000
GrillStoreBlackBBQ	1	1	200.000
GrillStoreRedBBQ	1	1	200.000
GroceryStandFruits1	4	10	132.000
GroceryStandFruits2	4	10	132.000
GroceryStandFruits3	4	10	132.000
GroceryStandLettuce	4	5	110.000
GroceryStandVegetables1	4	10	150.000
GroceryStandVegetables2	4	10	150.000
GroceryStandVegetables3	4	10	150.000
GroceryStandVegetables4	4	10	150.000
GroceryStandVegetables5	4	10	150.000
GroceryStorageCrate1	4	101	83.748
GroceryStorageCrate2	4	10	50.500
GroceryStorageCrate3	4	8	40.400
GunStoreAccessories	4	25	176.500
GunStoreAmmunition	4	30	310.000
GunStoreBodyArmor	4	4	100.000
GunStoreCases	4	7	170.000
GunStoreCounter	4	0	0.000
GunStoreDisplayCase	4	0	0.000
GunStoreGuns	4	35	180.500
GunStoreKnives	4	24	221.600
GunStoreLiterature	4	63	372.000
GunStoreMagazineRack	4	33	134.000
GunStoreMagsAmmo	4	34	360.500
GunStorePistols	4	21	126.500
GunStoreRifles	4	20	103.500
GunStoreShelf	4	0	0.000
GunStoreShotguns	4	15	83.500
GymLaundry	4	10	77.000
GymLockers	4	62	114.020
GymMats	4	4	60.000
GymSweatbands	4	6	90.000
GymTowels	4	5	110.000
GymWeights	4	5	68.000
Hiker	4	77	332.150
HoarderKitchenFood	4	27	169.000
Hobbies	4	108	610.581
HolidayStuff	4	77	542.032
HomeCinemaFilm	4	5	110.000
HomeCinemaLiterature	4	5	110.000
Homesteading	4	141	648.135
HospitalLockers	4	69	128.351
HospitalMagazineRack	4	4	60.000
HospitalRoomCleaning	4	9	64.000
HospitalRoomCounter	4	10	29.650
HospitalRoomFridge	4	25	57.710
HospitalRoomShelves	4	32	277.350
HospitalRoomWardrobe	2	89	117.370
HotdogStandDrinks	4	17	157.100
HotdogStandToppings	4	17	125.000
Hunter	4	79	329.200
HuntingLockers	4	104	356.181
ImprovisedCrafts	4	21	191.000
ItalianKitchenBaking	4	18	168.000
ItalianKitchenButcher	4	30	175.200
ItalianKitchenFreezer	4	6	32.000
ItalianKitchenFridge	4	30	104.000
ItalianKitchenSauce	4	18	126.000
JackiesDesk	4	18	284.000
JanitorChemicals	4	8	120.000
JanitorCleaning	4	17	173.000
JanitorMisc	4	63	246.843
JanitorTools	4	50	312.600
JaysDiningCounter	4	12	180.000
JaysKitchenBags	4	9	170.000
JaysKitchenBaking	4	15	128.000
JaysKitchenButcher	4	15	96.100
JaysKitchenFreezer	4	6	90.000
JaysKitchenFridge	4	7	78.000
JaysKitchenSauce	4	9	79.000
JerkyFactoryCrate	4	4	60.000
JerkyFactoryMeat	4	4	60.000
JerkyFactorySpices	4	6	76.000
JerkyFactoryTools	4	13	83.000
JewelerTools	4	40	237.000
JewelryGems	4	14	56.100
JewelryGold	4	14	118.000
JewelryNavelRings	4	16	84.000
JewelryOthers	4	9	58.000
JewelrySilver	4	16	130.000
JewelryStorageAll	4	56	385.000
JewelryWeddingRings	4	10	88.000
JewelryWrist	4	11	90.000
JockeyLockers	4	59	191.332
JudgeMattHassCounter	4	10	146.000
JuiceStandDrinks	4	17	361.000
JuiceStandFridge	4	12	222.000
JuiceStandSnacks	4	24	79.000
JunkBin	4	15	118.000
JunkHoard	4	81	447.671
KidsDesk	2	47	308.010
KitchenBaking	4	33	102.050
KitchenBook	4	85	302.200
KitchenBottles	2	20	65.220
KitchenBreakfast	2	21	93.101
KitchenCannedFood	2	25	68.050
KitchenDishes	4	29	188.610
KitchenDryFood	2	34	178.200
KitchenMicrowave	4	3	24.000
KitchenPots	4	26	183.500
KitchenRandom	2	192	372.120
KnappingBooks	8	7	50.000
KnappingTools	4	10	260.000
KnifeFactoryCutlery	4	6	210.000
KnifeFactoryHandles	4	5	110.000
KnifeFactoryKitchenKnife	4	5	110.000
KnifeFactoryKitchenKnifeBlades	4	5	110.000
KnifeFactoryMeatCleaver	4	5	110.000
KnifeFactoryMeatCleaverBlades	4	5	110.000
KnifeFactorySushiKnife	4	5	110.000
KnifeFactoryTools	4	35	226.100
KnifeStoreCutlery	4	9	164.000
LaboratoryBooks	4	10	100.000
LaboratoryGasStorage	4	6	90.000
LaboratoryLockers	4	63	121.001
LaundryCleaning	4	13	108.000
LaundryHospital	4	7	140.000
LaundryLoad1	4	20	109.000
LaundryLoad2	4	16	231.000
LaundryLoad3	4	13	97.210
LaundryLoad4	4	16	165.201
LaundryLoad5	4	14	95.000
LaundryLoad6	4	43	33.400
LaundryLoad7	4	17	241.000
LaundryLoad8	4	25	128.000
LaundrySuits	4	7	92.000
LeatherworkingTools	4	15	390.000
LibraryArt	4	6	90.000
LibraryBiography	4	6	90.000
LibraryBooks	4	80	317.100
LibraryBusiness	4	6	90.000
LibraryChilds	4	6	90.000
LibraryCinema	4	6	90.000
LibraryComputer	4	6	90.000
LibraryCounter	4	8	134.500
LibraryCrimeFiction	4	6	90.000
LibraryFantasySciFi	4	9	130.000
LibraryFashion	4	21	134.000
LibraryGeneralReference	4	5	120.000
LibraryHistory	4	6	90.000
LibraryHorror	4	6	90.000
LibraryLegal	4	6	90.000
LibraryLiteraryFiction	4	6	90.000
LibraryMagazines	4	57	51.060
LibraryMedical	4	11	120.000
LibraryMilitaryHistory	4	6	90.000
LibraryMusic	4	6	90.000
LibraryNewAge	4	5	110.000
LibraryNonFiction	4	8	120.000
LibraryOccult	4	6	90.000
LibraryOutdoors	4	22	200.000
LibraryPersonal	4	6	90.000
LibraryPhilosophy	4	5	110.000
LibraryPolitics	4	6	90.000
LibraryReligion	4	6	90.000
LibraryRomance	4	6	90.000
LibraryScience	4	6	90.000
LibrarySports	4	8	110.000
LibraryThriller	4	6	90.000
LibraryTravel	4	6	90.000
LibraryWestern	4	6	90.000
LingerieStoreAccessories	4	11	101.000
LingerieStoreBras	4	13	112.000
LingerieStoreOutfits	4	8	74.000
LingerieStoreUnderwear	4	17	156.000
LiquorStoreBags	4	13	109.100
LiquorStoreBeer	4	10	122.000
LiquorStoreBeerFancy	4	8	120.000
LiquorStoreBrandy	4	4	60.000
LiquorStoreGin	4	4	60.000
LiquorStoreMagazineRack	4	10	140.000
LiquorStoreMix	4	6	90.000
LiquorStoreRum	4	4	60.000
LiquorStoreScotch	4	4	60.000
LiquorStoreTequila	4	4	60.000
LiquorStoreVodka	4	4	60.000
LiquorStoreWhiskey	4	4	60.000
LiquorStoreWine	4	8	98.000
LiquorStoreWineFancy	4	8	120.000
LivingRoomShelf	4	148	108.618
LivingRoomShelfClassy	4	155	112.387
LivingRoomShelfNoTapes	2	0	0.000
LivingRoomShelfRedneck	4	153	108.779
LivingRoomSideTable	4	87	88.015
LivingRoomSideTableClassy	4	93	111.573
LivingRoomSideTableNoRemote	4	0	0.000
LivingRoomSideTableRedneck	4	100	81.526
LivingRoomWardrobe	2	229	241.577
Locker	4	85	192.170
LockerArmyBedroom	4	74	86.051
LockerArmyBedroomHome	4	91	99.460
LockerClassy	4	100	241.563
LoggingFactoryTools	4	42	305.200
LostAndFoundClothing	8	14	68.000
LostAndFoundItems	8	102	123.400
MagazineRackAdult	4	5	110.000
MagazineRackBrochure	4	5	110.000
MagazineRackCards	4	11	116.000
MagazineRackFancy	4	4	100.000
MagazineRackMaps	4	14	49.000
MagazineRackMixed	4	90	300.810
MagazineRackNewspaper	4	5	110.000
MagazineRackPaperback	4	12	110.000
MannequinFactoryPaint	4	16	235.000
MannequinFactoryTools	4	35	214.000
MayorWestPointBooks	4	9	179.000
MayorWestPointDesk	4	22	75.060
MayorWestPointSafe	4	0	0.000
Meat	1	0	0.000
MechanicOutfit	4	31	141.510
MechanicShelfBooks	4	31	208.000
MechanicShelfBrakes	4	21	115.000
MechanicShelfElectric	4	27	171.500
MechanicShelfMisc	4	51	328.400
MechanicShelfMufflers	4	18	95.000
MechanicShelfOutfit	4	12	99.000
MechanicShelfSuspension	4	22	119.000
MechanicShelfTools	4	50	329.500
MechanicShelfWheels	4	22	113.000
MechanicSpecial	4	66	263.000
MechanicTools	4	46	219.010
MedicalCabinet	4	11	70.100
MedicalClinicDrugs	4	19	138.100
MedicalClinicOutfit	4	23	145.210
MedicalClinicTools	4	20	100.000
MedicalOfficeBooks	4	12	108.000
MedicalOfficeCounter	4	25	100.400
MedicalOfficeDesk	4	32	119.700
MedicalStorageDrugs	4	23	277.500
MedicalStorageOutfit	4	25	184.610
MedicalStorageTools	4	24	203.000
MedievalAlchemy	4	13	590.000
MedievalBible	1	5	1000.000
MedievalBooks	4	21	126.000
MedievalCooking	4	13	366.000
MedievalTools	4	11	220.000
MedievalWeapons	4	5	52.000
MedievalWeaponsJapan	4	5	98.000
MeleeWeapons	4	97	265.700
MeleeWeapons_Late	4	172	373.730
MeleeWeapons_Mid	4	138	285.010
MetalShopTools	4	59	402.800
MetalWorkerOutfit	3	31	143.510
MetalWorkerTools	3	43	266.610
MexicanKitchenBaking	4	14	130.000
MexicanKitchenButcher	4	22	107.200
MexicanKitchenFreezer	4	5	26.000
MexicanKitchenFridge	4	25	84.000
MexicanKitchenSauce	4	14	100.000
MorgueChemicals	4	18	202.000
MorgueOutfit	4	21	160.500
MorgueTools	4	30	258.000
MotelFridge	1	16	100.100
MotelLinens	4	7	140.000
MotelSideTable	1	2	400.000
MotelTowels	4	5	110.000
MovieRentalShelves	4	6	120.000
MusicSchoolCases	4	10	350.000
MusicSchoolDesk	4	6	210.000
MusicSchoolLocker	4	70	363.270
MusicSchoolSheets	4	11	440.000
MusicStoreBass	4	7	106.000
MusicStoreBrass	4	8	120.000
MusicStoreCDs	4	9	160.000
MusicStoreCases	4	9	110.000
MusicStoreDrums	4	6	140.000
MusicStoreGuitar	4	7	106.000
MusicStoreLiterature	4	8	120.000
MusicStoreOthers	4	8	160.000
MusicStoreSpeaker	4	6	80.000
MusicStoreStringed	4	8	120.000
NolansDesk	4	42	738.350
NolansFilingCabinet	4	24	413.910
NolansFridge	4	12	170.200
NurseOutfit	4	19	114.500
NurseTools	4	22	253.500
OfficeCounter	4	11	78.000
OfficeDesk	4	34	69.072
OfficeDeskHome	4	65	158.685
OfficeDeskHomeClassy	4	75	245.891
OfficeDeskSecretary	4	39	153.930
OfficeDeskStressed	4	40	164.881
OfficeDrawers	4	66	280.113
OfficeShelfSupplies	4	32	211.600
OptometristDesk	4	23	117.900
OptometristGlasses	4	7	80.000
OtherGeneric	1	52	231.610
OutdoorSupplyBoots	4	4	100.000
OutdoorSupplyClothes	4	7	96.000
OutdoorSupplyMagazines	4	19	166.000
PaintStudioTools	4	20	170.000
PawnShopCases	4	15	142.000
PawnShopGuns	4	31	165.000
PawnShopGunsSpecial	4	64	307.910
PawnShopKnives	4	20	92.410
PawnShopTools	4	30	111.960
PetShopShelf	4	20	274.000
PharmacyCosmetics	4	19	126.000
PharmacyGlasses	6	9	230.000
Photographer	4	12	176.100
PizzaKitchenBaking	4	17	145.000
PizzaKitchenButcher	4	17	110.000
PizzaKitchenCheese	4	6	62.000
PizzaKitchenFreezer	4	6	26.000
PizzaKitchenFridge	4	15	82.000
PizzaKitchenSauce	4	11	88.000
PlankStashGold	4	5	110.000
PlankStashGun	4	24	116.101
PlankStashMagazine	4	18	131.101
PlankStashMisc	4	41	310.201
PlankStashMoney	4	21	321.001
PlumbingSupplies	4	15	176.000
PoliceCaptainCabinet	4	11	64.000
PoliceCaptainDesk	2	36	139.811
PoliceDesk	2	50	167.812
PoliceEvidence	1	119	1508.770
PoliceFileBox	4	14	738.101
PoliceFilingCabinet	4	18	526.410
PoliceLaundry	4	6	38.000
PoliceLibraryLegal	4	6	130.000
PoliceLockers	4	82	177.811
PoliceOutfit	3	26	161.000
PoliceStateOutfit	3	28	167.000
PoliceStateTools	3	18	122.000
PoliceStorageAmmunition	4	16	212.000
PoliceStorageArmor	4	7	152.000
PoliceStorageGuns	4	17	150.000
PoliceStorageMechanics	4	42	210.600
PoliceStorageOutfit	4	10	58.100
PoliceTools	3	14	130.000
PoolLockers	4	25	170.700
PostOfficeBooks	4	199	526.400
PostOfficeBoxes	4	11	139.000
PostOfficeMagazines	4	94	335.706
PostOfficeNewspapers	4	11	139.000
PostOfficeParcels	2	7	72.000
PostOfficeSupplies	4	24	159.600
PotteryBooks	8	5	30.000
PotteryStudioTools	8	4	140.000
PrisonArmoryShotguns	4	0	0.000
PrisonCellRandom	4	53	114.646
PrisonCellRandomClassy	4	56	166.732
PrisonGuardLockers	4	49	193.910
PrisonIntakeLockers	8	57	104.250
PrisonIntakePersonalObjects	8	2	70.000
PrisonLaundry	4	7	100.030
PrisonRiotStorage	4	19	346.500
PrisonStorageArmor	6	7	170.000
PrisonStorageGuns	4	9	130.000
ProduceStorageApples	4	4	60.000
ProduceStorageBellPeppers	4	4	60.000
ProduceStorageBroccoli	4	4	60.000
ProduceStorageCabbages	4	4	60.000
ProduceStorageCarrots	4	4	60.000
ProduceStorageCauliflower	4	4	60.000
ProduceStorageCherry	4	4	60.000
ProduceStorageCorn	4	4	60.000
ProduceStorageEggplant	4	4	60.000
ProduceStorageEmptyBoxes	8	4	130.000
ProduceStorageEquipment	8	8	80.000
ProduceStorageGrapes	4	4	60.000
ProduceStorageGreenpeas	4	4	60.000
ProduceStorageKale	4	4	60.000
ProduceStorageLeeks	4	4	60.000
ProduceStorageLettuce	4	4	60.000
ProduceStorageLooseFruit	4	9	230.000
ProduceStorageLooseVeg	4	15	120.000
ProduceStorageOnions	4	4	60.000
ProduceStoragePeaches	4	4	60.000
ProduceStoragePears	4	4	60.000
ProduceStoragePotatoes	4	4	60.000
ProduceStorageRadishes	4	4	60.000
ProduceStorageRottenFruit	4	9	230.000
ProduceStorageRottenVeg	4	15	120.000
ProduceStorageStrawberries	4	4	60.000
ProduceStorageSweetPotatoes	4	4	60.000
ProduceStorageTomatoes	4	4	60.000
ProduceStorageWatermelons	4	4	60.000
RadioFactoryComponents	4	11	150.000
RailYardSpikes	6	5	110.000
RailYardTools	4	46	147.700
RandomFiller	4	57	249.910
RangerBooks	4	19	190.000
RangerDesk	2	43	147.010
RangerLockers	4	78	164.710
RangerMagazines	6	7	140.000
RangerOutfit	3	24	150.010
RangerStorageGuns	4	11	278.000
RangerStorageTraps	4	13	320.000
RangerTools	3	29	149.500
RecRoomShelf	2	166	296.116
RestaurantKitchenFreezer	4	36	55.500
RestaurantKitchenFridge	4	104	187.100
RestaurantMenus	4	26	165.100
SWATStorageAmmunition	4	19	283.000
SWATStorageArmor	4	10	244.000
SWATStorageGuns	4	17	162.000
SafehouseArmor	2	86	286.070
SafehouseArmor_Late	3	161	503.051
SafehouseArmor_Mid	2	124	403.570
SafehouseBin	4	36	237.000
SafehouseBin_Late	4	67	512.000
SafehouseBin_Mid	4	54	427.000
SafehouseBookShelf	4	238	618.510
SafehouseBooze	4	32	363.000
SafehouseDryer	4	7	120.000
SafehouseFireplace	4	132	540.810
SafehouseFireplace_Late	4	137	559.810
SafehouseFood	4	115	438.500
SafehouseFood_Late	4	93	369.600
SafehouseFood_Mid	4	83	251.100
SafehouseFreezer	4	26	219.000
SafehouseFreezer_Late	4	31	167.000
SafehouseFreezer_Mid	4	19	71.000
SafehouseFridge	4	87	278.610
SafehouseFridge_Late	4	59	184.500
SafehouseFridge_Mid	4	68	107.910
SafehouseLighting	4	23	241.100
SafehouseLighting_Late	4	25	210.110
SafehouseMedical	4	42	669.000
SafehouseMedical_Late	4	71	481.300
SafehouseMedical_Mid	4	52	481.100
SafehouseStove	4	14	40.600
SafehouseStove_Late	4	18	118.000
SafehouseStove_Mid	4	8	27.000
SafehouseTraps	4	28	302.000
SafehouseWasher	4	7	120.000
SalonCounter	4	16	312.000
SalonMagazines	6	5	120.000
SalonShelfHaircare	4	8	240.000
SalonShelfTowels	4	5	110.000
SchoolGymSportsGear	4	25	139.000
SchoolLab	4	37	241.200
SchoolLockers	2	84	217.736
SchoolLockersBad	2	90	196.431
ScienceMisc	4	60	391.110
SeafoodKitchenButcher	4	21	116.200
SeafoodKitchenFreezer	4	7	76.000
SeafoodKitchenFridge	4	8	50.000
SeafoodKitchenSauce	4	9	55.000
SeasonalWorkerLockers	4	106	147.151
SecurityDesk	2	49	166.711
SecurityLockers	4	38	160.310
SecurityStorage	4	13	165.000
ServingTrayBiscuits	4	4	60.000
ServingTrayBurgers	4	4	60.000
ServingTrayBurritos	4	4	60.000
ServingTrayChicken	4	4	60.000
ServingTrayChickenFried	4	4	60.000
ServingTrayChickenNuggets	4	4	60.000
ServingTrayChickenWings	4	4	60.000
ServingTrayCornbread	4	4	60.000
ServingTrayFish	4	4	60.000
ServingTrayFishFingers	4	4	60.000
ServingTrayFishFried	4	4	60.000
ServingTrayFries	4	4	60.000
ServingTrayGravy	4	4	60.000
ServingTrayHam	4	4	60.000
ServingTrayHotdogs	4	4	60.000
ServingTrayLobster	4	4	60.000
ServingTrayMaki	4	4	80.000
ServingTrayMeatDumplings	4	4	60.000
ServingTrayMeatSteamBuns	4	4	60.000
ServingTrayMussels	4	4	60.000
ServingTrayNoodleSoup	4	4	60.000
ServingTrayOmelettes	4	4	60.000
ServingTrayOnigiri	4	4	60.000
ServingTrayOnionRings	4	4	60.000
ServingTrayOysters	4	4	60.000
ServingTrayOystersFried	4	4	60.000
ServingTrayPancakes	4	4	60.000
ServingTrayPerogies	4	4	60.000
ServingTrayPie	4	6	60.000
ServingTrayPizza	4	5	60.100
ServingTrayPorkChops	4	4	60.000
ServingTrayPotatoPancakes	4	4	60.000
ServingTrayRefriedBeans	4	4	60.000
ServingTraySalmon	4	4	60.000
ServingTraySausage	4	4	60.000
ServingTrayScrambledEggs	4	4	60.000
ServingTrayShrimp	4	4	60.000
ServingTrayShrimpDumplings	4	4	60.000
ServingTrayShrimpFried	4	4	60.000
ServingTraySpringRolls	4	4	60.000
ServingTraySteak	4	4	60.000
ServingTraySushiEgg	4	4	60.000
ServingTraySushiFish	4	4	60.000
ServingTrayTaco	4	4	60.000
ServingTrayTatoDots	4	4	60.000
ServingTrayTofuFried	4	4	60.000
ServingTrayWaffles	4	4	60.000
SewingStoreFabric	4	8	120.000
SewingStoreTools	4	19	278.000
ShelfGeneric	2	162	202.615
SmokingRoomCigars	4	5	92.000
SmokingRoomPipes	4	5	52.000
SpaCabinet	4	9	210.000
SpaCounter	4	17	228.000
SpiffosDesk	4	15	98.100
SpiffosDiningCounter	4	12	180.000
SpiffosKitchenBags	4	12	192.000
SpiffosKitchenBaking	4	10	102.000
SpiffosKitchenButcher	4	15	97.100
SpiffosKitchenCups	4	15	272.000
SpiffosKitchenFreezer	4	5	64.000
SpiffosKitchenFridge	4	7	66.000
SpiffosKitchenSauce	4	11	65.000
SpiffosKitchenSpecial	2	23	230.001
SpiffosKitchenTrays	4	10	162.000
SportStorageBalls	4	10	150.000
SportStorageBats	4	8	120.000
SportStorageHelmets	4	8	110.000
SportStoragePaddles	4	6	90.000
SportStorageRacquets	4	6	90.000
SportStorageSticks	4	5	70.000
SportStorageWeights	4	6	90.000
SportStoreAccessories	4	21	230.000
SportStoreBadminton	4	10	154.000
SportStoreBaseball	4	17	202.000
SportStoreBoxing	4	18	295.000
SportStoreFootball	4	10	154.000
SportStoreGolf	4	19	286.000
SportStoreIceHockey	4	15	126.000
SportStorePadding	4	12	74.000
SportStoreSneakers	4	6	60.000
SportStoreTennis	4	10	154.000
StoreCounterBags	4	6	90.000
StoreCounterBagsFancy	4	5	110.000
StoreCounterBagsPaper	4	5	110.000
StoreCounterCleaning	4	11	39.100
StoreCounterStrawsNapkins	4	8	120.000
StoreCounterTobacco	4	20	186.600
StoreDisplayWatches	4	12	87.000
StoreKitchenBags	4	8	160.000
StoreKitchenBaking	4	19	152.001
StoreKitchenButcher	4	34	115.200
StoreKitchenCafe	4	20	354.001
StoreKitchenCleaning	4	8	41.000
StoreKitchenCups	4	12	260.000
StoreKitchenCutlery	4	12	218.100
StoreKitchenDishes	4	8	160.000
StoreKitchenGlasses	4	10	178.000
StoreKitchenPotatoes	4	9	132.000
StoreKitchenPots	4	11	102.000
StoreKitchenSauce	4	25	74.100
StoreKitchenTrays	4	8	160.000
StoreShelfBBQ	4	19	105.000
StoreShelfBeer	1	0	0.000
StoreShelfCombo	3	51	176.050
StoreShelfDrinks	4	13	182.000
StoreShelfElectronics	4	21	184.000
StoreShelfMechanics	4	40	144.450
StoreShelfMedical	4	6	90.000
StoreShelfSnacks	4	43	106.500
StoreShelfSpices	4	16	138.000
StoreShelfWhiskey	1	0	0.000
StoreShelfWine	1	0	0.000
StoveClassy	3	12	16.100
StoveGeneric	2	10	7.600
StoveRedneck	1	7	3.750
StoveSpiffos	3	4	60.000
StripClubClothingRack	4	28	132.000
StripClubCosmetic	4	12	410.000
StripClubDressers	4	89	642.251
StudioPropShelf	8	6	170.000
SurvivalGear	4	181	465.836
SushiKitchenBaking	4	15	153.100
SushiKitchenButcher	4	17	96.200
SushiKitchenCutlery	4	11	146.000
SushiKitchenFreezer	4	6	90.000
SushiKitchenFridge	4	21	188.000
SushiKitchenSauce	4	10	104.000
TailoringLiterature	4	17	126.000
TailoringTools	4	13	290.000
TestingLab	4	29	212.200
TheatreDrinks	4	12	257.000
TheatreKitchenFreezer	4	8	92.000
TheatreLiterature	4	5	110.000
TheatrePopcorn	4	5	110.000
TheatreSnacks	4	21	158.000
TobaccoStoreAccessories	4	7	178.000
TobaccoStoreChew	4	4	100.000
TobaccoStoreCigarettes	4	5	108.000
TobaccoStoreCigarillos	4	4	130.000
TobaccoStoreCigars	4	4	100.000
TobaccoStorePipes	4	6	130.000
ToolCabinetFarming	4	58	284.210
ToolCabinetMechanics	4	42	246.600
ToolFactoryBarStock	4	5	110.000
ToolFactoryHandles	4	7	100.000
ToolFactoryIngots	4	5	110.000
ToolFactorySawBlades	4	6	90.000
ToolFactoryTools	4	45	252.100
ToolStoreAccessories	4	17	143.000
ToolStoreBooks	4	63	255.000
ToolStoreCarpentry	4	35	204.575
ToolStoreFarming	4	83	326.010
ToolStoreFootwear	4	8	110.000
ToolStoreHandles	6	10	230.000
ToolStoreKeymaking	4	14	172.000
ToolStoreMetalwork	4	42	272.000
ToolStoreMisc	4	40	295.300
ToolStoreOutfit	4	15	96.000
ToolStorePaint	4	25	288.000
ToolStoreTools	4	57	258.805
Trapper	4	98	444.800
UniversityDesk_Anthropology	4	27	224.600
UniversityDesk_Art	4	20	282.000
UniversityDesk_Business	4	22	418.000
UniversityDesk_Cinema	4	20	439.000
UniversityDesk_Computer	4	13	266.000
UniversityDesk_Electrical	4	0	0.000
UniversityDesk_Engineering	4	0	0.000
UniversityDesk_English	4	0	0.000
UniversityDesk_Fashion	4	0	0.000
UniversityDesk_Glassmaking	4	0	0.000
UniversityDesk_History	4	0	0.000
UniversityDesk_Legal	4	0	0.000
UniversityDesk_Math	4	0	0.000
UniversityDesk_Medical	4	0	0.000
UniversityDesk_Medieval	4	0	0.000
UniversityDesk_Music	4	0	0.000
UniversityDesk_Nature	4	0	0.000
UniversityDesk_Occult	4	15	258.000
UniversityDesk_Philosophy	4	0	0.000
UniversityDesk_Pioneer	4	0	0.000
UniversityDesk_Politics	4	0	0.000
UniversityDesk_Religion	4	0	0.000
UniversityDesk_Science	4	0	0.000
UniversityDesk_Therapy	4	17	226.200
UniversityFilingCabinet_Art	4	13	226.000
UniversityFilingCabinet_Business	4	0	0.000
UniversityFilingCabinet_Cinema	4	0	0.000
UniversityFilingCabinet_Computer	4	0	0.000
UniversityFilingCabinet_Engineering	4	0	0.000
UniversityFilingCabinet_English	4	0	0.000
UniversityFilingCabinet_Fashion	4	0	0.000
UniversityFilingCabinet_Glassmaking	4	0	0.000
UniversityFilingCabinet_History	4	0	0.000
UniversityFilingCabinet_Legal	4	0	0.000
UniversityFilingCabinet_Math	4	0	0.000
UniversityFilingCabinet_Medical	4	0	0.000
UniversityFilingCabinet_Medieval	4	0	0.000
UniversityFilingCabinet_Music	4	0	0.000
UniversityFilingCabinet_Nature	4	0	0.000
UniversityFilingCabinet_Occult	4	13	94.000
UniversityFilingCabinet_Philosophy	4	0	0.000
UniversityFilingCabinet_Politics	4	0	0.000
UniversityFilingCabinet_Religion	4	0	0.000
UniversityFilingCabinet_Science	4	0	0.000
UniversityFilingCabinet_Therapy	4	5	150.000
UniversityFridge	4	23	88.200
UniversityLibraryArt	4	7	74.000
UniversityLibraryBiography	4	5	110.000
UniversityLibraryBooks	4	60	280.000
UniversityLibraryBusiness	4	5	110.000
UniversityLibraryCinema	4	5	110.000
UniversityLibraryComputer	4	5	110.000
UniversityLibraryGeneralReference	4	5	110.000
UniversityLibraryHistory	4	5	110.000
UniversityLibraryLegal	4	5	110.000
UniversityLibraryMagazines	4	57	55.020
UniversityLibraryMedical	4	7	74.000
UniversityLibraryMilitaryHistory	4	10	74.000
UniversityLibraryMusic	4	5	110.000
UniversityLibraryPhilosophy	4	5	110.000
UniversityLibraryPolitics	4	5	110.000
UniversityLibraryScience	4	5	110.000
UniversityLibrarySports	4	5	110.000
UniversitySideTable	4	201	184.240
UniversityStorageAnthropology	4	44	172.000
UniversityStorageScience	4	61	333.610
UniversityWardrobe	4	193	120.399
VacationStuff	4	53	513.500
WaitingRoomDesk	4	37	177.400
WallDecor	4	20	80.000
WardrobeChild	4	196	272.342
WardrobeClassy	4	210	275.667
WardrobeGeneric	4	217	145.110
WardrobeManClassy	1	0	0.000
WardrobeRedneck	4	220	168.042
WardrobeWoman	1	0	0.000
WardrobeWomanClassy	1	0	0.000
WeddingStoreDresses	4	11	98.000
WeddingStoreSuits	4	5	60.000
WeldingWorkshopFuel	4	6	90.000
WeldingWorkshopMetal	4	11	136.000
WeldingWorkshopTools	4	47	232.300
WesternKitchenBaking	4	18	132.000
WesternKitchenButcher	4	25	133.200
WesternKitchenFreezer	4	7	138.000
WesternKitchenFridge	4	14	166.000
WesternKitchenSauce	4	20	137.000
WhiskeyBottlingEmpty	4	5	110.000
WhiskeyBottlingFull	4	5	110.000
WildWestBarCounter	4	9	51.000
WildWestBarShelf	4	13	192.000
WildWestBarberCounter	4	12	62.100
WildWestBarberShelves	4	8	88.000
WildWestBedroom	4	15	72.100
WildWestBlacksmith	4	24	99.000
WildWestClothing	4	9	30.000
WildWestGeneralStore	4	14	86.000
WildWestKitchen	4	12	53.000
WildWestLivingRoom	4	17	39.200
WildWestShelves	4	13	51.000
WildWestSheriffDesk	4	9	260.000
WildWestSheriffLocker	4	7	190.000
WildWestSouveniers	4	9	150.000
WildWestWoodStove	4	4	11.000
WireFactoryBarbed	4	4	60.000
WireFactoryBasic	4	4	60.000
WireFactoryElectric	4	5	110.000
WireFactoryTools	4	40	286.100
WoodcraftDudeCounter	4	27	162.700
ZippeeClothing	4	13	114.001
